{
  "Barcelona":909.8400268555,
  "Palma":284.4100036621,
  "Madrid":163.9700012207,
  "Valencia":134.0099945068,
  "UK":47.8560028076
}