{
  "":274.33203125,
  "Barcelona":909.8400268555,
  "Madrid":163.9700012207,
  "Palma de Mallorca":284.4100036621,
  "UK":47.8560028076,
  "Valencia":134.0099945068
}