{
  "Accommodation":682.7399902344,
  "Entertainment":200.3999938965,
  "Food and Drinks":459.4960021973,
  "Misc":77.0199966431,
  "Transportation":394.7620239258
}