{
  "":54.8664054871,
  "Barcelona":64.988571167,
  "Madrid":27.328332901,
  "Palma de Mallorca":56.8819999695,
  "UK":23.9280014038,
  "Valencia":26.8019981384
}